Title,dates
Re: [新聞] 自由廣場》潛艦國造特別預算的認知戰操作, 4/16
[新聞] 強化防護 國防部：113年底完成開發頭盔, 4/16
[情報] 俄烏戰爭初期和談內容, 4/16
Re: [分享] 伊朗的報復性打擊 情報（標三首次實戰）, 4/16
[新聞] 看美國與盟邦保護以色列 烏克蘭自覺淒涼, 4/16
Re: [分享] 烏克蘭戰場出現龜甲戰車, 4/16
[提問] 關於飛彈試射的幾個問題, 4/16
Re: [分享] 烏克蘭戰場出現龜甲戰車, 4/16
[新聞] 快訊／黃曙光證實請辭！370字聲明痛訴心聲, 4/16
Re: [分享] 烏克蘭戰場出現龜甲戰車, 4/16
[新聞] 為何西方軍機不幫烏克蘭？英外相：恐導致「危險的升級」, 4/16
Re: [新聞] 烏克蘭撤「服役滿3年離開前線」規定　士, 4/16
[討論] 牽引砲將不會繼續發展, 4/16
Re: [提問] IFV是否超重型化, 4/17
Re: [情報] 奧地利拍板採購4架KC-390加油運輸機, 4/17
[新聞] 美軍新陸基飛彈系統登陸菲國 第一島鏈首, 4/17
Re: [新聞] 烏克蘭撤「服役滿3年離開前線」規定　士, 4/17
[新聞] 防解放軍搶灘 官兵提槍快跑衝沙灘實彈射, 4/17
[公告] Military 板規7.1, 6/27
